{"py/object": "rasa_core.featurizers.MaxHistoryTrackerFeaturizer", "max_history": 5, "remove_duplicates": true, "state_featurizer": {"py/object": "rasa_core.featurizers.BinarySingleStateFeaturizer", "input_state_map": {"entity_product": 3, "entity_router": 4, "intent_goodbye": 1, "intent_greet": 0, "intent_order_product": 2, "prev_action_listen": 7, "prev_action_order_product": 13, "prev_action_restart": 8, "prev_utter_affirm": 11, "prev_utter_ask_product_name": 12, "prev_utter_goodbye": 10, "prev_utter_greet": 9, "slot_product_0": 5, "slot_router_0": 6}, "num_features": 14, "slot_feature_len": 2, "user_feature_len": 5}}